speech_id,leader,language,speech_date,speech_type,emo_admiration,emo_gratitude,emo_neutral,emo_approval,emo_realization,emo_pride,emo_excitement,emo_joy,emo_optimism,emo_relief,emo_surprise,emo_annoyance,emo_caring,emo_disappointment,emo_disapproval,emo_desire,emo_sadness,emo_embarrassment,emo_love,emo_fear,emo_grief,emo_confusion,emo_disgust,emo_anger,emo_remorse,emo_amusement,emo_nervousness,emo_curiosity,sent_positive,sent_neutral,sent_negative,fam_affiliative_positive,fam_threat_negative,fam_hostility,fam_cognitive_other,fam_neutral,valence,n_chunks
erdogan1,erdogan,en,,symposium_speech,0.050499499030411246,0.02639513906906359,0.4992825508117676,0.21842028722167015,0.05505953449755907,0.004979666536382865,0.005301557877101004,0.00339149214560166,0.060410747304558754,0.002891794629977085,0.0029027628363110123,0.008846054365858436,0.005047196068335325,0.03493346396135166,0.0078400845406577,0.01631473026936874,0.037115966971032324,0.0008192246372345835,0.0013566972920671105,0.0013740419613895937,0.0012323995688348077,0.028796509106177835,0.0010848739941138775,0.0011563088977709413,0.0009761290508322418,0.0005741570639656857,0.001203776113106869,0.06793556823686231,0.25673010144382713,0.56167556270957,0.1815943364985287,0.2367049053311348,0.04259472909616306,0.010722472053021192,0.11859017424285412,0.4992825508117676,0.07513576494529843,10
erdogan2022,erdogan,en,2022-12-31,new_year_message,0.03997310859043724,0.023394761271237467,0.3188417058151502,0.18704860714765695,0.04621967744941895,0.008048233701489292,0.06555203756747338,0.052195005862113945,0.1578684071652018,0.008687341200689284,0.0026630717598331664,0.009648696770175146,0.04150991541190216,0.028419373933082588,0.007831277603355166,0.11365738700932035,0.017367725824722305,0.0011354168706860107,0.003938806014887702,0.0038832347177398894,0.0013927530627160405,0.001938915377160391,0.0013408543130096335,0.0012152383883053868,0.0018666459878799147,0.001168289074065307,0.010322829840543609,0.001628827458122172,0.5380968633466042,0.34817926356425655,0.11372388229490472,0.34671054465266377,0.028900593053549528,0.010718641695208274,0.14753238011438113,0.3188417058151502,0.42437298105169946,13
erdogan2023,erdogan,en,2023-12-31,new_year_message,0.030349661005727415,0.06963810751247886,0.3084111117890903,0.19963210907631687,0.02983065089210868,0.003460812706699861,0.007171943259891123,0.005023701365904084,0.15220719552598894,0.004035028138397527,0.0011536173073441855,0.013613966925601875,0.03389493392647377,0.055865961559382935,0.025606219174473414,0.18458621446708484,0.06319929500542847,0.0008505213637753124,0.012027700947198485,0.002381703280012256,0.0028065086620959584,0.0017828183315162147,0.0018646792533607887,0.0019682176394521128,0.003925275057554245,0.0008507696620654315,0.0020675375126302242,0.002102031041951185,0.4367462722584605,0.35474713146686554,0.20850658523184912,0.32428136627588955,0.088480907326032,0.026965567409726127,0.20048370465104068,0.3084111117890903,0.2282396870266114,14
erdogan2024,erdogan,en,2024-12-31,new_year_message,0.0939924184543391,0.15993075952671157,0.12984050748248896,0.19370035578807196,0.010820319235790521,0.010232856817310676,0.01562608281771342,0.017747666997214157,0.40390470849039656,0.006593187339603901,0.0014889378702112783,0.005094222297581534,0.13842040001569936,0.0033354547049384564,0.004999895192061861,0.15676365427983305,0.0021655534219462425,0.0004451694355035822,0.03338561889055806,0.001525716928881593,0.0010128895834592793,0.0012408394444112976,0.0010059047393345584,0.0015669755569736783,0.0019014019441480439,0.0009109445794213874,0.0008883803529897705,0.0021623807648817697,0.7907935238132874,0.17105213024963936,0.03815435375630235,0.5739370236794153,0.0038578008437373987,0.0057058405557957785,0.15729192458093166,0.12984050748248896,0.7526391700569851,12
erdogan2025,erdogan,en,2025-12-31,new_year_message,0.10652192944793828,0.18890264482303923,0.24846819761608327,0.2015329028612801,0.026322285046002696,0.00917948962887749,0.009844721087055015,0.008521181522935097,0.21941341453098825,0.0076648464309982955,0.0012964839032585068,0.008960330925349678,0.07062229800171085,0.009868786678582962,0.014132772372769458,0.1555343805479684,0.007238325629649418,0.0007859454531821289,0.00975844556316068,0.0021745038351842333,0.0015262683362899615,0.0013079149773277874,0.0015574751845893583,0.0030413566855713725,0.002551153892584677,0.000794968129152299,0.0012385311274556443,0.0017877272912301123,0.6656012226428304,0.27872544899582863,0.05567331726862384,0.45226270279714037,0.012262983189430088,0.015022376718531762,0.16730618263993943,0.24846819761608327,0.6099279053742066,14
macron2022,macron,en,2022-12-31,new_year_address,0.10715647409152654,0.09607660285352419,0.19036326088287212,0.2554122823531981,0.03193022538390425,0.015791261201094905,0.009534596836332369,0.0063345498724461154,0.24853544199356326,0.006558707242624627,0.0040550846175325134,0.006677086585787711,0.06568100781145471,0.011105161539658352,0.008072031467842558,0.12865750907264925,0.0075545300539858916,0.0008216405145099594,0.003563016461191216,0.0033374133334426142,0.0015130205752535,0.017418324130294087,0.0013333094129511327,0.001444507952934752,0.002627813794080996,0.0008169142712614741,0.002041754020697058,0.05086441420199764,0.477938298549917,0.42734029944296237,0.09472141245862951,0.46981858034376744,0.014360618027341034,0.009144822282164736,0.1836134554059417,0.19036326088287212,0.3832168860912875,27
macron2023,macron,en,2023-12-31,new_year_address,0.08960227225907147,0.1392299278737291,0.19484238571634419,0.1994026491026345,0.0262748752720654,0.040358266710475287,0.027355773478599365,0.04102060721427398,0.24570446637900253,0.013267131283340094,0.002609034755120152,0.008228061255067587,0.04557872025639211,0.012585621725424732,0.007398958685562799,0.09979175821583915,0.03788653870517584,0.0013185757193959465,0.0037563274534860333,0.005442508597441606,0.0027864185854253407,0.01455996349748028,0.0014073191927500854,0.0020132721830649594,0.0028529371790538883,0.0013071699358988553,0.009040499377174695,0.007181739848180625,0.700056536147665,0.2005958755157496,0.09934758534654975,0.41785745008995656,0.04170915116188362,0.009811624284147433,0.11899210571458466,0.19484238571634419,0.6007089508011153,19
macron2024,macron,en,2024-12-31,new_year_address,0.15233525878284127,0.10947569222480524,0.18961978773586452,0.24530283780768514,0.04379383663763292,0.030033758623176254,0.010959991028357763,0.016324666852597147,0.20557758258655667,0.010370494099333882,0.002131757835741155,0.008876365958712995,0.04943899699719623,0.015521338493272197,0.01510415413940791,0.105225966006401,0.02037497577839531,0.0012495928167481907,0.004088882380528958,0.0032977578666759655,0.0017345589021715568,0.0017534100807097275,0.0012489554937928915,0.0016136753074533772,0.002347591744182864,0.0008109860664262669,0.0028005577787553193,0.001789695870684227,0.5413762994576246,0.3560016911942512,0.10262199037242681,0.49429812375456095,0.026262716368364636,0.015950421890011057,0.13457733811810613,0.18961978773586452,0.43875430908519775,16
macron2025,macron,en,2025-12-31,new_year_address,0.05633251960031115,0.2036932885508017,0.12731627919352972,0.15580470473147356,0.016250001159138404,0.003410513557565327,0.006635588531095821,0.004253902221814944,0.18006953410804272,0.00342295418242709,0.0009124773787334561,0.01021426536429387,0.09798151059434392,0.02522026014048606,0.006975046932124174,0.31347011467173264,0.021462537679606333,0.000893905378269175,0.008651947983218214,0.003067718106859292,0.0013535845769533457,0.0019407032165103233,0.0018125421618326353,0.0017700366756448953,0.0033037045639223205,0.0008859264556891643,0.006560103264816392,0.003063313851061349,0.5343453107186809,0.35331904085782856,0.11233564401761843,0.4396449548120682,0.027420086696600683,0.010398242192772718,0.3209277968853712,0.12731627919352972,0.4220096667010624,13
merkel1,merkel,en,2016-12-31,new_year_address,0.08369049998000264,0.021122370423108806,0.2395352028310299,0.30977956876158713,0.04278808920644224,0.0064150201709708195,0.005881108460016549,0.0065225362137425694,0.16982832606881856,0.0061700937454588715,0.001629701955243945,0.0276008807355538,0.08864784552715718,0.03349196038907394,0.03783595759887248,0.03878226962406188,0.014916381513467058,0.001354210966383107,0.00460979959461838,0.0034837783372495324,0.0014149087452096864,0.014084502402693034,0.003742660710122436,0.006402175349649042,0.0021606251073535533,0.000517121230950579,0.003457409515976906,0.05023724245838821,0.5475108894985169,0.2843404825776815,0.16814861111342908,0.3818581596016884,0.03570096271578223,0.04909201685804874,0.11160933636128903,0.2395352028310299,0.37936227838508785,10
merkel2,merkel,en,2017-12-31,new_year_address,0.1298952697776258,0.11128273081267252,0.29528706409037114,0.22159773018211126,0.018881780141964555,0.006481305006309413,0.009635429206537083,0.026217031484702603,0.1559183919802308,0.011961577477632091,0.0011459864908829331,0.008241055510006845,0.09136339598335326,0.009836921317037195,0.009752344363369048,0.07876473616342991,0.0048357825842686,0.0006249523736187257,0.003062640249845572,0.0019669065834023057,0.0008760464130318724,0.0058302141726017,0.0009275172662455589,0.0011172428086865694,0.001474476369912736,0.0006087821413530037,0.002339279736042954,0.005847580143017695,0.652181226760149,0.25833167750388386,0.0894870761781931,0.41346799936145545,0.010287640208844095,0.010072257672436535,0.08682286776602269,0.29528706409037114,0.5626941505819559,10
merkel2020,merkel,en,2019-12-31,new_year_address,0.11271807685908344,0.3149272568213443,0.13247693526662058,0.225619252357218,0.03095705998647544,0.005833796600604223,0.01965046297603597,0.007344156102691259,0.3084591699557172,0.004908429963203768,0.003549246544328829,0.004800111831476291,0.03876301863541206,0.0048888793034065105,0.006613319869049721,0.0669031902992477,0.0033150643640611735,0.0005485359741012669,0.0020588239680768717,0.004352260659086621,0.0008979406007306857,0.001989869413793915,0.0010373102850280702,0.0010317671500767271,0.0016080417359868686,0.0007952779673764275,0.0014647635689470917,0.0021340633393265307,0.7171056916316351,0.24646504099170366,0.03642928064800799,0.6098050243324704,0.006249159147652487,0.006905067686198486,0.08383657783269882,0.13247693526662058,0.6806764109836271,9
merkel3,merkel,en,2018-12-31,new_year_address,0.1467945544152624,0.11945089145511803,0.23636016311744848,0.21214698110189703,0.04325320853644775,0.0055701878801402115,0.009831052105356421,0.02461813903775894,0.14137543437795508,0.007221151453753312,0.0013230091167820825,0.00851293078934153,0.07710769832030767,0.030836581562956173,0.012041336391121149,0.11093198188528833,0.06177395148228647,0.0008621986748443709,0.005374834724029319,0.001648749958904874,0.002301724701990477,0.0022307758724006512,0.0011807192285131249,0.001348259684164077,0.0020721484324894845,0.0009869583138626898,0.0035614646427954235,0.0019439925025734636,0.5264940245283974,0.3983258923722638,0.0751800808745126,0.43614894648392993,0.07206707265383254,0.013294415600183938,0.14493613214128548,0.23636016311744848,0.4513139436538849,9
putin2022,putin,en,2022-12-31,new_year_address,0.2081298335053196,0.19700511437523263,0.18515770577571608,0.18807944723150946,0.026878965679894794,0.011773908754218031,0.015881815740034323,0.026901054275433788,0.07626569624566897,0.010128218167334457,0.0015704661332578821,0.017762246054851195,0.1599817716050893,0.012543335250070826,0.023781020532954823,0.060514319920912385,0.008979164497842166,0.0009031980033879253,0.03959362760228528,0.007611080628438768,0.0020698902318889104,0.003270230943929743,0.0016007776245136154,0.003621982209469107,0.002092189727012407,0.0006399954396659847,0.00799080364363776,0.0018170671246480197,0.6241721676831896,0.21555066921494223,0.16027716689065777,0.4476658275181597,0.021409934058531442,0.02470062019049444,0.07872569840401411,0.18515770577571608,0.4638950007925318,11
putin2023,putin,en,2023-12-31,new_year_address,0.29730234295129776,0.05106946096445123,0.08961093922456105,0.2119521088898182,0.01791790205364426,0.08420024090446532,0.027353567148869235,0.060450603060113885,0.13766071138282618,0.019688721202934783,0.0019367772620171309,0.007417064858600497,0.22255228956540427,0.004707254779835542,0.005641177296638489,0.10086017443488042,0.004271128408921261,0.0015465083706658334,0.1868576278211549,0.002600145856073747,0.0025495197429942587,0.001163775702783217,0.0016226343577727675,0.0035773422569036484,0.00281092730195572,0.0009495097474427894,0.0018850542255677283,0.0018982283751635503,0.8625153402487437,0.13072284745673338,0.006761805309603612,0.5218719989061356,0.0051364042252923054,0.0076278094202280045,0.10225979952762525,0.08961093922456105,0.8557535349391401,6
putin2024,putin,en,2024-12-31,new_year_address,0.37043071910738945,0.05979142989963293,0.08090916369110346,0.2443578653037548,0.017939319310244173,0.06964159954804927,0.051605688873678446,0.041747387731447816,0.27553432434797287,0.012131614028476179,0.0026719101006165147,0.006134652532637119,0.15604116255417466,0.003981167450547218,0.005171833327040076,0.12218871479853988,0.0032189710764214396,0.001003625446173828,0.053492187696974725,0.003158226201776415,0.002168766164686531,0.0011986494209850207,0.001411602963344194,0.0024500485160388052,0.002200488350354135,0.0010783872858155519,0.001852081943070516,0.0022484200162580237,0.9550118744373322,0.04194220621138811,0.0030459247645922005,0.5166685730218887,0.004469216626603156,0.006938582519069314,0.12218871479853988,0.08090916369110346,0.95196594967274,4
putin2025,putin,en,2025-12-31,new_year_address,0.13863396421074867,0.07820055782794952,0.10662638433277608,0.17284509390592576,0.008104518335312606,0.008111273311078549,0.03583496809005737,0.06757120513357222,0.37802227437496183,0.007880408503115176,0.001522002392448485,0.0035043401177972553,0.32980225756764414,0.0021935607539489864,0.0037217296194285154,0.12101201117038726,0.002601371821947396,0.0003882165183313191,0.09581748023629189,0.002062040031887591,0.001424128795042634,0.0013570826267823577,0.0008259020163677633,0.001798764884006232,0.002555808681063354,0.0011079786345362663,0.0015707362908869982,0.0030314058996737,0.8012889862060547,0.19027111493051052,0.008439881168305874,0.5591982781887055,0.003329562582075596,0.003882889915257692,0.12101201117038726,0.10662638433277608,0.7928491050377489,5
trump1,trump,en,2021-01-19,farewell_address,0.26570942126480596,0.1391645011151143,0.19878807959945075,0.2208310075636421,0.03974366094917059,0.04735535089483684,0.01886814888400425,0.02490515058161691,0.08715990022756159,0.01574751713113593,0.008378184218599927,0.023601488476353034,0.05130581787255194,0.05810301920116347,0.04077241910688047,0.03574088142652597,0.018665531870543157,0.001966411532651234,0.009993352931425241,0.006620339926614959,0.0029284308953460175,0.0014043573838924722,0.0019843709867148262,0.0033219157880271916,0.0019234331879748165,0.0008507335400541446,0.0029018710016056764,0.0010478073735222487,0.7290136951154896,0.18964570654290064,0.08134060170102332,0.45829769782721996,0.0659423952290256,0.05094273292758901,0.06657620501105807,0.19878807959945075,0.6476730934144663,28
trump2,trump,en,,composite_excerpts,0.20010794699192047,0.5398619235493243,0.06295895483344793,0.13986502587795258,0.011112913955003023,0.013581338183333477,0.0679054403056701,0.07105848131080468,0.11714007332921028,0.009387614050259193,0.0028474926948547363,0.00566700395817558,0.032981807055572666,0.0023217214814697704,0.0046582825016230345,0.04867379801968733,0.001830895625365277,0.00047973310574889183,0.13888638094067574,0.0012838645294929545,0.0008965760353021324,0.0013457013798567157,0.001251374992231528,0.0023511825129389763,0.0012564006707786273,0.0013653600666051109,0.000875464582350105,0.001995177590288222,0.8901683290799459,0.10095874965190887,0.008872903417795897,0.6081108053525289,0.0024987433959419527,0.006742612924426794,0.04867379801968733,0.06295895483344793,0.88129542566215,3
trump3,trump,en,2017-01-20,inaugural_address,0.1064142977599712,0.16814012444742463,0.2711962889879942,0.22100739027647412,0.033687897355240935,0.01550298647420919,0.011123569182339399,0.008101173464263626,0.10123807224718963,0.0058507269303150035,0.0019621588460936703,0.027034096721121493,0.06686925534706782,0.07142516834360055,0.03912639256347628,0.02218265654793119,0.06314590528114315,0.00114300124508137,0.003342079483178061,0.0017242191859301837,0.0023274110828745455,0.001285894280847381,0.001957556571784046,0.003938087043078507,0.0017811463981428567,0.000616017624612569,0.001188144863322925,0.0011507648296709009,0.5822084469392019,0.2683398876996601,0.14945168791831853,0.3785150469664265,0.0958097874707378,0.04687916006728569,0.04526410755865714,0.2711962889879942,0.4327567590208834,17
