speech_id,leader,language,speech_date,speech_type,conflict_threat_framing_cos,conflict_threat_framing_cos_en,conflict_threat_framing_pct,conflict_threat_framing_rel,cooperation_solidarity_framing_cos,cooperation_solidarity_framing_cos_en,cooperation_solidarity_framing_pct,cooperation_solidarity_framing_rel,past_orientation_cos,past_orientation_cos_en,past_orientation_pct,past_orientation_rel,future_orientation_cos,future_orientation_cos_en,future_orientation_pct,future_orientation_rel,us_vs_them_cos,us_vs_them_cos_en,us_vs_them_pct,us_vs_them_rel,gratitude_recognition_cos,gratitude_recognition_cos_en,gratitude_recognition_pct,gratitude_recognition_rel,promises_commitments_cos,promises_commitments_cos_en,promises_commitments_pct,promises_commitments_rel,conflict_threat_framing_nli,cooperation_solidarity_framing_nli,past_orientation_nli,future_orientation_nli,us_vs_them_nli,gratitude_recognition_nli,promises_commitments_nli,n_chunks,conflict_threat_framing_rate,cooperation_solidarity_framing_rate,past_orientation_rate,future_orientation_rate,us_vs_them_rate,gratitude_recognition_rate,promises_commitments_rate
erdogan1,erdogan,en,,symposium_speech,0.24714291444444447,0.24714291444444447,0.43227730922222224,-0.017637814277777778,0.25843478,0.25843478,0.18572084277777778,-0.07561915244444445,0.27705485888888887,0.27705485888888887,0.40335170444444446,-0.021737174333333335,0.28767013333333336,0.28767013333333336,0.33356289666666666,-0.04581472558888889,0.26188811444444443,0.26188811444444443,0.4758953188888889,-0.0097638964,0.24439015222222224,0.24439015222222224,0.2587236,-0.07562244588888889,0.32823103,0.32823103,0.5185950488888889,0.0007364389444444452,0.10000937788888889,0.2125857741088889,0.6697795085555556,0.42771604777666666,0.6835541488888889,0.33216857777,0.6790345115555555,9,0.0,0.0,0.2222222222222222,0.0,0.1111111111111111,0.0,0.2222222222222222
erdogan2022,erdogan,en,2022-12-31,new_year_message,0.2382131146153846,0.2382131146153846,0.37110616823076925,-0.026567614615384615,0.2629792976923077,0.2629792976923077,0.2185314646153846,-0.071074633,0.31864808461538463,0.31864808461538463,0.5707247353846154,0.019856048461538465,0.31418469923076925,0.31418469923076925,0.4302288630769231,-0.019300158576923073,0.21798637153846154,0.21798637153846154,0.28432930615384616,-0.05366564284615384,0.25358799307692304,0.25358799307692304,0.30721550684615384,-0.06642460612307692,0.2757358923076923,0.2757358923076923,0.3485378302,-0.05175870023076923,0.08950597052153847,0.29276322977846153,0.7888381461538463,0.752136092076923,0.5832871813076923,0.7233514353846153,0.9794872738461537,13,0.23076923076923078,0.07692307692307693,0.3076923076923077,0.3076923076923077,0.07692307692307693,0.0,0.15384615384615385
erdogan2023,erdogan,en,2023-12-31,new_year_message,0.3205158607692308,0.3205158607692308,0.7376033023076923,0.05573513042307692,0.3828602461538461,0.3828602461538461,0.6746662461538461,0.048806312076923083,0.30898053615384613,0.30898053615384613,0.5446598884615385,0.010188504,0.3564985646153846,0.3564985646153846,0.58661792,0.023013706130769234,0.29935894307692307,0.29935894307692307,0.6352511107692307,0.02770693246153846,0.27802251461538463,0.27802251461538463,0.37746344515384617,-0.041990085192538454,0.2900674753846154,0.2900674753846154,0.3517164671538462,-0.03742711674615385,0.09254335687923078,0.2549203308307692,0.515675748923077,0.4266212562461539,0.6571930065230769,0.6053461422769231,0.976163466923077,13,0.46153846153846156,0.46153846153846156,0.3076923076923077,0.3076923076923077,0.3076923076923077,0.07692307692307693,0.07692307692307693
erdogan2024,erdogan,en,2024-12-31,new_year_message,0.25379451999999997,0.25379451999999997,0.46556474083333327,-0.010986211291666667,0.33532707083333335,0.33532707083333335,0.5210055098333334,0.0012731365000000008,0.3173914941666667,0.3173914941666667,0.5406336066666667,0.018599456525,0.359922525,0.359922525,0.5843663908333333,0.026437663033333333,0.241218645,0.241218645,0.3994490333333333,-0.030433370175000002,0.3129098866666667,0.3129098866666667,0.4655647475,-0.007102713500000001,0.3301030558333333,0.3301030558333333,0.5017217591666666,0.0026084627500000007,0.08242489874916666,0.46658239186666667,0.430222736775,0.7514717529166667,0.2668729407666667,0.8853609225,0.9464876308333333,12,0.25,0.25,0.16666666666666666,0.4166666666666667,0.0,0.25,0.08333333333333333
erdogan2025,erdogan,en,2025-12-31,new_year_message,0.2386588957142857,0.2386588957142857,0.40112161111428574,-0.02612183507142857,0.31069339357142856,0.31069339357142856,0.40968122949999997,-0.023360541085714285,0.2938631757142857,0.2938631757142857,0.4967532437857143,-0.004928858499999998,0.32335382285714287,0.32335382285714287,0.4436245562142857,-0.010131034592857144,0.21159418814285713,0.21159418814285713,0.2721369493285714,-0.0600578267,0.307498105,0.307498105,0.4507083818285715,-0.012514495499999997,0.3194403535714286,0.3194403535714286,0.4560212561428572,-0.008054237035714285,0.1796283369314286,0.526801147,0.8347078919285715,0.6405691301971429,0.35949295379714286,0.9887297857142857,0.9020982722857143,14,0.07142857142857142,0.21428571428571427,0.2857142857142857,0.2857142857142857,0.0,0.2857142857142857,0.2857142857142857
macron2022,macron,en,2022-12-31,new_year_address,0.25416437555555554,0.25416437555555554,0.4556932945555556,-0.010616353535111112,0.3401725103703704,0.3401725103703704,0.516605451037037,0.0061185768518518535,0.2843621651851852,0.2843621651851852,0.44543923703703703,-0.01442986972851852,0.3587421403703704,0.3587421403703704,0.5844046552962963,0.025257280703703703,0.24510161703703706,0.24510161703703706,0.4061065175185185,-0.026550396185185184,0.31565652962962965,0.31565652962962965,0.4960973325925926,-0.0043560708703703705,0.34279922925925926,0.34279922925925926,0.551346797037037,0.01530463687037037,0.07853052279888889,0.3533663913703704,0.46905002074185187,0.7663526811925926,0.4887107080074074,0.7663501429629629,0.994385394074074,27,0.25925925925925924,0.25925925925925924,0.14814814814814814,0.3333333333333333,0.14814814814814814,0.2222222222222222,0.2222222222222222
macron2023,macron,en,2023-12-31,new_year_address,0.24621129263157895,0.24621129263157895,0.41724663157894737,-0.018569435802105263,0.3075041610526316,0.3075041610526316,0.38788603736842103,-0.02654977236842105,0.3135659131578947,0.3135659131578947,0.5657894682631579,0.014773876426315792,0.3596778394736842,0.3596778394736842,0.6049369385789474,0.02619298006842105,0.24067458894736843,0.24067458894736843,0.3759243147368421,-0.030977424421052634,0.31138127578947367,0.31138127578947367,0.4594388866842105,-0.00863132288421053,0.34656557263157894,0.34656557263157894,0.5873205724736842,0.019070980631578947,0.10859452263184212,0.2308255530236842,0.6423084297368421,0.7337965312736842,0.5037284255036841,0.8296988731210526,0.8408711423052632,19,0.15789473684210525,0.15789473684210525,0.3157894736842105,0.3684210526315789,0.10526315789473684,0.10526315789473684,0.3157894736842105
macron2024,macron,en,2024-12-31,new_year_address,0.249316275625,0.249316275625,0.4284607446875,-0.015464454875000002,0.32737189,0.32737189,0.47210744125000004,-0.006682042125,0.296739386875,0.296739386875,0.4912190089375,-0.0020526466874999996,0.34343168,0.34343168,0.480371899375,0.0099468239625,0.23353026437500002,0.23353026437500002,0.3460743758125,-0.0381217476,0.2717399325,0.2717399325,0.3646694219375,-0.04827266718125,0.317680775,0.317680775,0.43956612125,-0.009813815499999996,0.0491878353075,0.4100463312875,0.562170291031875,0.67210342573375,0.57824204425,0.870197590625,0.9382606765,16,0.1875,0.125,0.3125,0.25,0.0,0.1875,0.25
macron2025,macron,en,2025-12-31,new_year_address,0.28349715999999997,0.28349715999999997,0.5799427823076923,0.018716427384615382,0.34235210538461536,0.34235210538461536,0.52145582,0.008298172307692309,0.28143488692307694,0.28143488692307694,0.42291798923076923,-0.01735714666153846,0.3554248930769231,0.3554248930769231,0.599332491,0.021940034538461536,0.26350292000000003,0.26350292000000003,0.48553719153846153,-0.008149095621538462,0.33720477,0.33720477,0.5227272755384615,0.01719216676923077,0.35229610615384616,0.35229610615384616,0.6196757883076922,0.024801514061538462,0.08954449619384615,0.43895554516153845,0.4280630797461538,0.68475769594,0.3955580507153846,0.8177161684846154,0.9191084340738461,13,0.23076923076923078,0.23076923076923078,0.15384615384615385,0.3076923076923077,0.07692307692307693,0.3076923076923077,0.46153846153846156
merkel1,merkel,en,2016-12-31,new_year_address,0.27933454888888887,0.27933454888888887,0.5640495888888889,0.014553816888888892,0.29845785888888887,0.29845785888888887,0.35789714855555554,-0.035596076444444444,0.22779794444444443,0.22779794444444443,0.2054637265111111,-0.07099408648888889,0.23849909777777778,0.23849909777777778,0.21510559806666665,-0.09498575988888888,0.2737510588888889,0.2737510588888889,0.5282369144444444,0.002099046444444445,0.25504291,0.25504291,0.32162534744444443,-0.06496969011111112,0.24791259666666665,0.24791259666666665,0.23255279633333334,-0.079581995,0.1266965479088889,0.32870673440000003,0.6468524021111111,0.2514374394222222,0.7801975255555555,0.4560946271111111,0.9890907133333333,9,0.4444444444444444,0.1111111111111111,0.0,0.0,0.2222222222222222,0.0,0.1111111111111111
merkel2,merkel,en,2017-12-31,new_year_address,0.24478186333333335,0.24478186333333335,0.41437097888888885,-0.019998864777777778,0.34522239555555556,0.34522239555555556,0.5479797977777777,0.011168461133333333,0.24294359888888892,0.24294359888888892,0.2738751138888889,-0.055848435377777776,0.32351924111111113,0.32351924111111113,0.4749770436666667,-0.009965617,0.26339593111111115,0.26339593111111115,0.4878328646666667,-0.008256083333333336,0.2940937522222222,0.2940937522222222,0.4299816344444445,-0.025918848366666667,0.3237300255555555,0.3237300255555555,0.44513313444444447,-0.003764564881111111,0.0009861635216666666,0.34369880595,0.3443959934633333,0.4847385045222222,0.5289600728644444,0.7203459611111112,0.7964725334444444,9,0.1111111111111111,0.3333333333333333,0.1111111111111111,0.1111111111111111,0.3333333333333333,0.1111111111111111,0.1111111111111111
merkel2020,merkel,en,2019-12-31,new_year_address,0.24727556875,0.24727556875,0.431818185,-0.01750516025,0.344812305,0.344812305,0.5470041325,0.010758369524999999,0.26150580375,0.26150580375,0.322314053125,-0.037286231375,0.33879480875,0.33879480875,0.51342974125,0.0053099505000000005,0.235586405,0.235586405,0.3564049625,-0.036065610375,0.2978735725,0.2978735725,0.43285124124999996,-0.022139025875000003,0.32361123,0.32361123,0.47572314125,-0.0038833618749999988,0.00848624086,0.580115095125,0.55461627125,0.44046221942499997,0.2231346633875,0.82516085625,0.98935975875,8,0.125,0.375,0.125,0.25,0.125,0.125,0.25
merkel3,merkel,en,2018-12-31,new_year_address,0.253660355,0.253660355,0.44111570125,-0.0111203748125,0.3446689425,0.3446689425,0.56714875945,0.010615011587499999,0.29598541375,0.29598541375,0.46539256625000003,-0.0028066187500000003,0.31392398,0.31392398,0.45661156875,-0.0195608767375,0.2508983075,0.2508983075,0.43750000437500003,-0.0207537021375,0.2904370725,0.2904370725,0.3904958725,-0.02957552525,0.330406415,0.330406415,0.552685946625,0.0029118231999999975,0.0051957938375,0.51645165475375,0.6077957785,0.212236661195,0.48064400825,0.668697037375,0.89232180125,8,0.125,0.5,0.25,0.125,0.0,0.125,0.25
putin2022,putin,en,2022-12-31,new_year_address,0.2855511036363636,0.2855511036363636,0.5929752090909091,0.020770373545454548,0.34183440545454546,0.34183440545454546,0.5377535709090909,0.007780470572727274,0.31868069454545456,0.31868069454545456,0.5723140601818182,0.019888659909090906,0.28161476636363636,0.28161476636363636,0.3025920354545455,-0.051870093972727266,0.28316811999999997,0.28316811999999997,0.5542824945454545,0.011516108045454547,0.39618505818181815,0.39618505818181815,0.6891434977272728,0.07617246081818183,0.28037947272727276,0.28037947272727276,0.2819308779090909,-0.04711511981818182,0.09369810598363637,0.31907718224545456,0.5543579605454545,0.27815429648181816,0.48135135078636365,0.8529759136363637,0.8646733332727272,11,0.45454545454545453,0.18181818181818182,0.45454545454545453,0.09090909090909091,0.2727272727272727,0.5454545454545454,0.0
putin2023,putin,en,2023-12-31,new_year_address,0.267502355,0.267502355,0.5254820766666667,0.0027216276666666666,0.39838579833333326,0.39838579833333326,0.7706611533333333,0.06433186433333334,0.3618111083333333,0.3618111083333333,0.6687327866666667,0.06301906650000001,0.338269145,0.338269145,0.5123966983333333,0.004784285666666667,0.30891670833333335,0.30891670833333335,0.667355375,0.037264694333333334,0.4110919233333334,0.4110919233333334,0.7658402216666667,0.091079325,0.31840405666666666,0.31840405666666666,0.4545454416666666,-0.00909053783333333,0.0038803286083333335,0.6085336443,0.64317596865,0.6320895502483334,0.20499054706666667,0.9716178016666667,0.9865155983333334,6,0.16666666666666666,0.5,0.3333333333333333,0.3333333333333333,0.5,0.5,0.0
putin2024,putin,en,2024-12-31,new_year_address,0.276531515,0.276531515,0.529958685,0.011750783999999998,0.34351842,0.34351842,0.5464875925,0.0094644875,0.4012038775,0.4012038775,0.88119835,0.10241184325,0.3993890725,0.3993890725,0.7592975325,0.06590420775,0.2674204925,0.2674204925,0.47520661,-0.004231523000000001,0.3787479375,0.3787479375,0.707644635,0.0587353336,0.34025202,0.34025202,0.546487605,0.012757427457499998,0.0083417523125,0.27551107275000003,0.46272216585,0.97524206,0.22628059515,0.971810175,0.959939655,4,0.25,0.25,1.0,0.5,0.25,0.5,0.25
putin2025,putin,en,2025-12-31,new_year_address,0.25136794,0.25136794,0.44173554600000003,-0.01341279118,0.400451762,0.400451762,0.77396694,0.0663978282,0.339888722,0.339888722,0.733471078,0.0410966874,0.36615601600000003,0.36615601600000003,0.628512402,0.0326711536,0.28037228000000003,0.28037228000000003,0.5549586740000001,0.0087202668,0.406369282,0.406369282,0.793801658,0.0863566824,0.33485244000000003,0.33485244000000003,0.530165288,0.007357846800000001,0.045768138388,0.42299886,0.451840921504,0.5607886748600001,0.09886144997999999,0.9907916840000001,0.9815914539999999,5,0.0,0.6,0.4,0.4,0.4,0.6,0.2
trump1,trump,en,2021-01-19,farewell_address,0.2650991128571429,0.2650991128571429,0.4964580889285714,0.000318383085714286,0.3289587564285714,0.3289587564285714,0.4887839416785714,-0.005095178178571429,0.2986191678571429,0.2986191678571429,0.5168240832142857,-0.0001728661750000008,0.29735974,0.29735974,0.3726387225714286,-0.03612511892857143,0.3285184878571429,0.3285184878571429,0.6981995278571428,0.05686647372857143,0.3611493564285714,0.3611493564285714,0.6201298678571429,0.04113675704642857,0.3309689025,0.3309689025,0.5116587971428571,0.0034743113785714284,0.05071727610657143,0.4493194518035714,0.7653365206071429,0.32820466578892854,0.3891531378928571,0.9046435220714286,0.9501811561,28,0.2857142857142857,0.21428571428571427,0.25,0.07142857142857142,0.5714285714285714,0.42857142857142855,0.25
trump2,trump,en,,composite_excerpts,0.3355287,0.3355287,0.834710745,0.07074797,0.348193215,0.348193215,0.5702479,0.0141392805,0.296379715,0.296379715,0.5020661,-0.0024123189999999996,0.34560634,0.34560634,0.580578505,0.012121483800000001,0.31774199000000003,0.31774199000000003,0.741735545,0.0460899775,0.35010383,0.35010383,0.6466942,0.030091226000000002,0.409574215,0.409574215,0.857438,0.082079618,0.0409320845,0.589282745,0.797482,0.9928773,0.9751548,0.994912885,0.99966482,2,1.0,0.0,0.0,0.0,0.5,0.0,1.0
trump3,trump,en,2017-01-20,inaugural_address,0.316251960625,0.316251960625,0.719008261875,0.05147123365,0.392925049375,0.392925049375,0.724431820625,0.05887111696875,0.316180676875,0.316180676875,0.6064049575,0.01738864380875,0.37882155625,0.37882155625,0.66606404625,0.04533669748125,0.402980231875,0.402980231875,0.931043401875,0.1313282199375,0.3918566825,0.3918566825,0.758522728125,0.071844084,0.407164313125,0.407164313125,0.791064051875,0.0796697215,0.11063064399875,0.31545774039375,0.693193288426875,0.4343148738425,0.533203385375,0.5943642474999999,0.953422119375,16,0.5,0.4375,0.25,0.4375,1.0,0.5625,0.75
