chunk_id,speech_id,leader,cluster,membership_probability,outlier_score
erdogan1_c000,erdogan1,erdogan,4,1.0,0.0
erdogan1_c001,erdogan1,erdogan,-1,0.0,0.21183862713034973
erdogan1_c002,erdogan1,erdogan,-1,0.0,0.24506879416690258
erdogan1_c003,erdogan1,erdogan,4,0.9147510205236762,0.08524897947632387
erdogan1_c004,erdogan1,erdogan,4,1.0,0.0
erdogan1_c005,erdogan1,erdogan,4,1.0,0.0
erdogan1_c006,erdogan1,erdogan,4,1.0,0.0
erdogan1_c007,erdogan1,erdogan,4,0.9727560818873199,0.027243918112680128
erdogan1_c008,erdogan1,erdogan,4,1.0,0.0
erdogan1_c009,erdogan1,erdogan,4,0.9414725653463186,0.058527434653681376
erdogan1_c010,erdogan1,erdogan,4,1.0,0.0
erdogan1_c011,erdogan1,erdogan,4,1.0,0.0
erdogan1_c012,erdogan1,erdogan,4,0.9092197695437022,0.09078023045629777
erdogan2022_c000,erdogan2022,erdogan,5,1.0,0.0
erdogan2022_c001,erdogan2022,erdogan,5,0.9672903431678711,0.17731708579834804
erdogan2022_c002,erdogan2022,erdogan,-1,0.0,0.23437719014093136
erdogan2022_c003,erdogan2022,erdogan,5,1.0,0.0
erdogan2022_c004,erdogan2022,erdogan,-1,0.0,0.23873618258234616
erdogan2022_c005,erdogan2022,erdogan,0,1.0,0.0
erdogan2022_c006,erdogan2022,erdogan,-1,0.0,0.23873618258234616
erdogan2022_c007,erdogan2022,erdogan,-1,0.0,0.23873618258234616
erdogan2022_c008,erdogan2022,erdogan,-1,0.0,0.07004322272092985
erdogan2022_c009,erdogan2022,erdogan,7,0.9644588343605717,0.035541165639428315
erdogan2022_c010,erdogan2022,erdogan,7,0.9552210615865703,0.04477893841342973
erdogan2022_c011,erdogan2022,erdogan,7,0.9531478884021481,0.0468521115978518
erdogan2022_c012,erdogan2022,erdogan,-1,0.0,0.21103953250390747
erdogan2022_c013,erdogan2022,erdogan,0,1.0,0.0
erdogan2022_c014,erdogan2022,erdogan,-1,0.0,0.20188440052369588
erdogan2022_c015,erdogan2022,erdogan,5,0.9552528003951101,0.18755504675605758
erdogan2022_c016,erdogan2022,erdogan,-1,0.0,0.3083541529119795
erdogan2022_c017,erdogan2022,erdogan,5,0.9552528003951101,0.18755504675605758
erdogan2023_c000,erdogan2023,erdogan,5,1.0,0.0
erdogan2023_c001,erdogan2023,erdogan,5,1.0,0.0013847825661780881
erdogan2023_c002,erdogan2023,erdogan,-1,0.0,0.2448579719309569
erdogan2023_c003,erdogan2023,erdogan,-1,0.0,0.2546734437589919
erdogan2023_c004,erdogan2023,erdogan,-1,0.0,0.2324586724827803
erdogan2023_c005,erdogan2023,erdogan,-1,0.0,0.2769073830167809
erdogan2023_c006,erdogan2023,erdogan,-1,0.0,0.2805456468036334
erdogan2023_c007,erdogan2023,erdogan,-1,0.0,0.2540166227387616
erdogan2023_c008,erdogan2023,erdogan,-1,0.0,0.30764800789973556
erdogan2023_c009,erdogan2023,erdogan,1,1.0,0.0
erdogan2023_c010,erdogan2023,erdogan,-1,0.0,0.27932213861543603
erdogan2023_c011,erdogan2023,erdogan,-1,0.0,0.22363859279485707
erdogan2023_c012,erdogan2023,erdogan,-1,0.0,0.22842281642498322
erdogan2023_c013,erdogan2023,erdogan,5,0.9495926014107916,0.19236906048861502
erdogan2023_c014,erdogan2023,erdogan,-1,0.0,0.3013951121969695
erdogan2023_c015,erdogan2023,erdogan,0,0.9741324255363001,0.025867574463699913
erdogan2023_c016,erdogan2023,erdogan,5,0.9495926014107916,0.19236906048861502
erdogan2023_c017,erdogan2023,erdogan,-1,0.0,0.23873618258234616
erdogan2023_c018,erdogan2023,erdogan,5,0.9552528003951101,0.18755504675605758
erdogan2024_c000,erdogan2024,erdogan,5,1.0,0.0
erdogan2024_c001,erdogan2024,erdogan,-1,0.0,0.25465384266778557
erdogan2024_c002,erdogan2024,erdogan,-1,0.0,0.2456708101326274
erdogan2024_c003,erdogan2024,erdogan,-1,0.0,0.22492424820154502
erdogan2024_c004,erdogan2024,erdogan,7,0.9542664456628245,0.045733554337175526
erdogan2024_c005,erdogan2024,erdogan,-1,0.0,0.2152940449868993
erdogan2024_c006,erdogan2024,erdogan,-1,0.0,0.2152552728537785
erdogan2024_c007,erdogan2024,erdogan,-1,0.0,0.29699969227223555
erdogan2024_c008,erdogan2024,erdogan,-1,0.0,0.21345068180077137
erdogan2024_c009,erdogan2024,erdogan,0,0.9739620526028423,0.026037947397157698
erdogan2024_c010,erdogan2024,erdogan,-1,0.0,0.2552642527952197
erdogan2024_c011,erdogan2024,erdogan,-1,0.0,0.27799857439407655
erdogan2024_c012,erdogan2024,erdogan,-1,0.0,0.25650074012965335
erdogan2024_c013,erdogan2024,erdogan,0,1.0,0.0
erdogan2024_c014,erdogan2024,erdogan,-1,0.0,0.23648519292708858
erdogan2024_c015,erdogan2024,erdogan,5,1.0,0.0
erdogan2025_c000,erdogan2025,erdogan,5,1.0,0.0
erdogan2025_c001,erdogan2025,erdogan,5,1.0,0.14949743888957948
erdogan2025_c002,erdogan2025,erdogan,-1,0.0,0.2689345125974621
erdogan2025_c003,erdogan2025,erdogan,7,1.0,0.0
erdogan2025_c004,erdogan2025,erdogan,7,0.942755395557945,0.05724460444205504
erdogan2025_c005,erdogan2025,erdogan,-1,0.0,0.23939787777558116
erdogan2025_c006,erdogan2025,erdogan,6,1.0,0.0
erdogan2025_c007,erdogan2025,erdogan,6,1.0,0.0
erdogan2025_c008,erdogan2025,erdogan,-1,0.0,0.22873535615750631
erdogan2025_c009,erdogan2025,erdogan,0,0.9739620526028423,0.026037947397157698
erdogan2025_c010,erdogan2025,erdogan,-1,0.0,0.23559040669573486
erdogan2025_c011,erdogan2025,erdogan,0,0.9739620526028423,0.026037947397157698
erdogan2025_c012,erdogan2025,erdogan,-1,0.0,0.2327798909311633
erdogan2025_c013,erdogan2025,erdogan,-1,0.0,0.07297566898353411
erdogan2025_c014,erdogan2025,erdogan,-1,0.0,0.2383561957834028
erdogan2025_c015,erdogan2025,erdogan,-1,0.0,0.251103962289503
erdogan2025_c016,erdogan2025,erdogan,-1,0.0,0.27229075969330585
erdogan2025_c017,erdogan2025,erdogan,-1,0.0,0.30009962886686875
erdogan2025_c018,erdogan2025,erdogan,5,1.0,0.0
macron2022_c000,macron2022,macron,5,1.0,0.11579336100600404
macron2022_c001,macron2022,macron,-1,0.0,0.2454200914096684
macron2022_c002,macron2022,macron,-1,0.0,0.20087539986660813
macron2022_c003,macron2022,macron,-1,0.0,0.07004322272092985
macron2022_c004,macron2022,macron,-1,0.0,0.07004322272092985
macron2022_c005,macron2022,macron,7,1.0,0.0
macron2022_c006,macron2022,macron,-1,0.0,0.21952301413643988
macron2022_c007,macron2022,macron,-1,0.0,0.23964030106940873
macron2022_c008,macron2022,macron,-1,0.0,0.22170924197847855
macron2022_c009,macron2022,macron,7,0.9756954298820154,0.02430457011798459
macron2022_c010,macron2022,macron,7,0.9756954298820154,0.02430457011798459
macron2022_c011,macron2022,macron,7,0.9756954298820154,0.02430457011798459
macron2022_c012,macron2022,macron,-1,0.0,0.24469029222150615
macron2022_c013,macron2022,macron,-1,0.0,0.24469029222150615
macron2022_c014,macron2022,macron,8,1.0,0.0
macron2022_c015,macron2022,macron,8,1.0,0.0
macron2022_c016,macron2022,macron,-1,0.0,0.26932244733215827
macron2022_c017,macron2022,macron,-1,0.0,0.22644697329966942
macron2022_c018,macron2022,macron,-1,0.0,0.312458910308267
macron2022_c019,macron2022,macron,-1,0.0,0.22863652952028313
macron2022_c020,macron2022,macron,-1,0.0,0.06043890063988612
macron2022_c021,macron2022,macron,-1,0.0,0.21021787920810667
macron2022_c022,macron2022,macron,8,1.0,0.0
macron2022_c023,macron2022,macron,-1,0.0,0.08279127514173348
macron2022_c024,macron2022,macron,8,1.0,0.0
macron2022_c025,macron2022,macron,8,1.0,0.0
macron2022_c026,macron2022,macron,8,0.9904249330364545,0.00957506696354545
macron2022_c027,macron2022,macron,-1,0.0,0.2871623446648024
macron2022_c028,macron2022,macron,-1,0.0,0.30533145913567333
macron2022_c029,macron2022,macron,-1,0.0,0.2377021548440936
macron2022_c030,macron2022,macron,-1,0.0,0.2757843821057534
macron2022_c031,macron2022,macron,-1,0.0,0.28305695012242393
macron2022_c032,macron2022,macron,-1,0.0,0.23944919660509822
macron2022_c033,macron2022,macron,-1,0.0,0.29095906083744033
macron2022_c034,macron2022,macron,5,0.988955325255102,0.15889096304674682
macron2023_c000,macron2023,macron,5,1.0,0.11579336100600404
macron2023_c001,macron2023,macron,-1,0.0,0.2229621769173628
macron2023_c002,macron2023,macron,1,1.0,0.0
macron2023_c003,macron2023,macron,1,0.9984448287597584,0.0015551712402416674
macron2023_c004,macron2023,macron,-1,0.0,0.25690249857895747
macron2023_c005,macron2023,macron,-1,0.0,0.24239556767798068
macron2023_c006,macron2023,macron,7,0.939963167535904,0.06003683246409591
macron2023_c007,macron2023,macron,7,1.0,0.0
macron2023_c008,macron2023,macron,-1,0.0,0.23908892621929367
macron2023_c009,macron2023,macron,-1,0.0,0.22863652952028313
macron2023_c010,macron2023,macron,-1,0.0,0.21345068180077137
macron2023_c011,macron2023,macron,-1,0.0,0.21394390053585025
macron2023_c012,macron2023,macron,8,0.9885748075467784,0.011425192453221598
macron2023_c013,macron2023,macron,-1,0.0,0.2152940449868993
macron2023_c014,macron2023,macron,-1,0.0,0.2682234583995166
macron2023_c015,macron2023,macron,-1,0.0,0.22304378728813917
macron2023_c016,macron2023,macron,3,1.0,0.0
macron2023_c017,macron2023,macron,3,1.0,0.0
macron2023_c018,macron2023,macron,2,1.0,0.0
macron2023_c019,macron2023,macron,-1,0.0,0.27006707576463695
macron2023_c020,macron2023,macron,2,1.0,0.0
macron2023_c021,macron2023,macron,2,1.0,0.0
macron2023_c022,macron2023,macron,2,1.0,0.0
macron2023_c023,macron2023,macron,-1,0.0,0.21345068180077137
macron2023_c024,macron2023,macron,-1,0.0,0.20970055691014963
macron2024_c000,macron2024,macron,-1,0.0,0.21183862713034973
macron2024_c001,macron2024,macron,-1,0.0,0.25758103507319197
macron2024_c002,macron2024,macron,2,1.0,0.0
macron2024_c003,macron2024,macron,2,1.0,0.0
macron2024_c004,macron2024,macron,6,0.9950802009378592,0.004919799062140763
macron2024_c005,macron2024,macron,-1,0.0,0.22378214510639538
macron2024_c006,macron2024,macron,-1,0.0,0.2501564120280989
macron2024_c007,macron2024,macron,-1,0.0,0.21842430661113316
macron2024_c008,macron2024,macron,-1,0.0,0.2941338902053047
macron2024_c009,macron2024,macron,-1,0.0,0.21842430661113316
macron2024_c010,macron2024,macron,-1,0.0,0.24094099326896967
macron2024_c011,macron2024,macron,-1,0.0,0.21345068180077137
macron2024_c012,macron2024,macron,8,0.9844056725967071,0.015594327403292961
macron2024_c013,macron2024,macron,-1,0.0,0.2559655013241606
macron2024_c014,macron2024,macron,3,1.0,0.0
macron2024_c015,macron2024,macron,-1,0.0,0.30733475029358337
macron2024_c016,macron2024,macron,3,0.9343963416745316,0.06560365832546843
macron2024_c017,macron2024,macron,7,0.9659973732361912,0.03400262676380886
macron2024_c018,macron2024,macron,3,0.9343963416745316,0.06560365832546843
macron2024_c019,macron2024,macron,-1,0.0,0.23451849468769342
macron2024_c020,macron2024,macron,-1,0.0,0.23451849468769342
macron2024_c021,macron2024,macron,-1,0.0,0.23451849468769342
macron2025_c000,macron2025,macron,5,1.0,0.11579336100600404
macron2025_c001,macron2025,macron,-1,0.0,0.2798784678669079
macron2025_c002,macron2025,macron,-1,0.0,0.07297566898353411
macron2025_c003,macron2025,macron,1,1.0,0.0
macron2025_c004,macron2025,macron,-1,0.0,0.2767001190761174
macron2025_c005,macron2025,macron,-1,0.0,0.22863652952028313
macron2025_c006,macron2025,macron,-1,0.0,0.27440411355002586
macron2025_c007,macron2025,macron,-1,0.0,0.22936574171276136
macron2025_c008,macron2025,macron,-1,0.0,0.07947775909685563
macron2025_c009,macron2025,macron,-1,0.0,0.27298705355836883
macron2025_c010,macron2025,macron,5,0.9630975325423307,0.1808830819736212
macron2025_c011,macron2025,macron,5,0.9584283298275729,0.18485425084086643
macron2025_c012,macron2025,macron,3,1.0,0.0
macron2025_c013,macron2025,macron,3,0.9343963416745316,0.06560365832546843
macron2025_c014,macron2025,macron,-1,0.0,0.2580934700040888
macron2025_c015,macron2025,macron,-1,0.0,0.22261833767976066
macron2025_c016,macron2025,macron,5,1.0,0.03315026859931781
merkel1_c000,merkel1,merkel,-1,0.0,0.2229621769173628
merkel1_c001,merkel1,merkel,0,1.0,0.0
merkel1_c002,merkel1,merkel,-1,0.0,0.2302465805218816
merkel1_c003,merkel1,merkel,0,1.0,0.0
merkel1_c004,merkel1,merkel,0,0.9739620526028423,0.026037947397157698
merkel1_c005,merkel1,merkel,-1,0.0,0.3007916894316721
merkel1_c006,merkel1,merkel,-1,0.0,0.28383042986350415
merkel1_c007,merkel1,merkel,-1,0.0,0.24715598189405555
merkel1_c008,merkel1,merkel,-1,0.0,0.226388890417265
merkel1_c009,merkel1,merkel,-1,0.0,0.27524259060627126
merkel1_c010,merkel1,merkel,7,0.9810510226287886,0.018948977371211366
merkel1_c011,merkel1,merkel,-1,0.0,0.23867959253582396
merkel2_c000,merkel2,merkel,1,1.0,0.0
merkel2_c001,merkel2,merkel,-1,0.0,0.24863317255692183
merkel2_c002,merkel2,merkel,1,1.0,0.0
merkel2_c003,merkel2,merkel,-1,0.0,0.2495596095240849
merkel2_c004,merkel2,merkel,-1,0.0,0.07175439594324214
merkel2_c005,merkel2,merkel,-1,0.0,0.08385136648488381
merkel2_c006,merkel2,merkel,-1,0.0,0.0658358454852316
merkel2_c007,merkel2,merkel,-1,0.0,0.24328271793347767
merkel2_c008,merkel2,merkel,3,0.9343963416745316,0.06560365832546843
merkel2_c009,merkel2,merkel,-1,0.0,0.24525397284021208
merkel2_c010,merkel2,merkel,5,1.0,0.0
merkel2020_c000,merkel2020,merkel,5,1.0,0.0
merkel2020_c001,merkel2020,merkel,-1,0.0,0.07167899516437204
merkel2020_c002,merkel2020,merkel,-1,0.0,0.2023753114579447
merkel2020_c003,merkel2020,merkel,-1,0.0,0.21776543375682875
merkel2020_c004,merkel2020,merkel,-1,0.0,0.27727146809113556
merkel2020_c005,merkel2020,merkel,-1,0.0,0.27516093561466093
merkel2020_c006,merkel2020,merkel,-1,0.0,0.2631446169199082
merkel2020_c007,merkel2020,merkel,-1,0.0,0.23865470084389395
merkel2020_c008,merkel2020,merkel,-1,0.0,0.24328271793347767
merkel2020_c009,merkel2020,merkel,3,1.0,0.0
merkel2020_c010,merkel2020,merkel,6,1.0,0.0
merkel2020_c011,merkel2020,merkel,5,1.0,0.0
merkel3_c000,merkel3,merkel,-1,0.0,0.2660358010795385
merkel3_c001,merkel3,merkel,-1,0.0,0.21842430661113316
merkel3_c002,merkel3,merkel,-1,0.0,0.23401201326536528
merkel3_c003,merkel3,merkel,-1,0.0,0.27931934251845936
merkel3_c004,merkel3,merkel,3,0.9343963416745316,0.06560365832546843
merkel3_c005,merkel3,merkel,3,0.9332007148858172,0.06679928511418275
merkel3_c006,merkel3,merkel,3,1.0,0.0
merkel3_c007,merkel3,merkel,-1,0.0,0.24328271793347767
merkel3_c008,merkel3,merkel,8,0.9885748075467784,0.011425192453221598
merkel3_c009,merkel3,merkel,-1,0.0,0.23699874157800746
merkel3_c010,merkel3,merkel,5,1.0,0.0
putin2022_c000,putin2022,putin,-1,0.0,0.2563224889115904
putin2022_c001,putin2022,putin,-1,0.0,0.2910325151958612
putin2022_c002,putin2022,putin,-1,0.0,0.2770782718723142
putin2022_c003,putin2022,putin,-1,0.0,0.2199523410061425
putin2022_c004,putin2022,putin,5,0.9414968135923902,0.19925454876237195
putin2022_c005,putin2022,putin,6,1.0,0.0
putin2022_c006,putin2022,putin,7,0.9472681021073479,0.05273189789265212
putin2022_c007,putin2022,putin,-1,0.0,0.30156240051562405
putin2022_c008,putin2022,putin,-1,0.0,0.22584004950361805
putin2022_c009,putin2022,putin,5,1.0,0.0
putin2022_c010,putin2022,putin,5,1.0,0.0
putin2023_c000,putin2023,putin,-1,0.0,0.2816272258968397
putin2023_c001,putin2023,putin,-1,0.0,0.2793023426870666
putin2023_c002,putin2023,putin,-1,0.0,0.2747276889828459
putin2023_c003,putin2023,putin,-1,0.0,0.2996719512859879
putin2023_c004,putin2023,putin,-1,0.0,0.2561176209870325
putin2023_c005,putin2023,putin,-1,0.0,0.282067324216078
putin2024_c000,putin2024,putin,-1,0.0,0.23451849468769342
putin2024_c001,putin2024,putin,-1,0.0,0.22079105222236178
putin2024_c002,putin2024,putin,-1,0.0,0.26406099539980327
putin2024_c003,putin2024,putin,5,1.0,0.0
putin2025_c000,putin2025,putin,5,0.965419196894419,0.1789085004961313
putin2025_c001,putin2025,putin,5,0.9495926014107916,0.19236906048861502
putin2025_c002,putin2025,putin,5,1.0,0.0
putin2025_c003,putin2025,putin,5,0.9630975325423307,0.1808830819736212
putin2025_c004,putin2025,putin,5,0.9990072434185637,0.15034178090465025
trump1_c000,trump1,trump,-1,0.0,0.2235572790155881
trump1_c001,trump1,trump,6,1.0,0.0
trump1_c002,trump1,trump,6,1.0,0.0
trump1_c003,trump1,trump,-1,0.0,0.2572874908255851
trump1_c004,trump1,trump,-1,0.0,0.26081132659250655
trump1_c005,trump1,trump,-1,0.0,0.2345336999905542
trump1_c006,trump1,trump,7,0.9786402454825555,0.021359754517444547
trump1_c007,trump1,trump,7,1.0,0.0
trump1_c008,trump1,trump,7,1.0,0.0
trump1_c009,trump1,trump,7,0.9810510226287886,0.018948977371211366
trump1_c010,trump1,trump,7,1.0,0.0
trump1_c011,trump1,trump,7,0.9498093248325508,0.05019067516744929
trump1_c012,trump1,trump,-1,0.0,0.23908892621929367
trump1_c013,trump1,trump,3,0.9631031297292494,0.036896870270750635
trump1_c014,trump1,trump,3,0.9343963416745316,0.06560365832546843
trump1_c015,trump1,trump,3,0.9631031297292494,0.036896870270750635
trump1_c016,trump1,trump,-1,0.0,0.24274550549691642
trump1_c017,trump1,trump,8,1.0,0.0
trump1_c018,trump1,trump,-1,0.0,0.2983443651793061
trump1_c019,trump1,trump,8,1.0,0.0
trump1_c020,trump1,trump,-1,0.0,0.25663082989064495
trump1_c021,trump1,trump,-1,0.0,0.2333974359972178
trump1_c022,trump1,trump,5,0.9495926014107916,0.19236906048861502
trump1_c023,trump1,trump,5,0.9495926014107916,0.19236906048861502
trump1_c024,trump1,trump,-1,0.0,0.2020387613480291
trump1_c025,trump1,trump,-1,0.0,0.23725959205946034
trump1_c026,trump1,trump,-1,0.0,0.23739455676637974
trump1_c027,trump1,trump,5,0.9515472869177976,0.190706595458741
trump2_c000,trump2,trump,-1,0.0,0.2458218471629097
trump2_c001,trump2,trump,-1,0.0,0.268841008093975
trump2_c002,trump2,trump,-1,0.0,0.25478115574519317
trump3_c000,trump3,trump,-1,0.0,0.20229255205277596
trump3_c001,trump3,trump,-1,0.0,0.19970724444012203
trump3_c002,trump3,trump,1,1.0,0.0
trump3_c003,trump3,trump,8,1.0,0.0
trump3_c004,trump3,trump,8,1.0,0.0
trump3_c005,trump3,trump,-1,0.0,0.2396407398002706
trump3_c006,trump3,trump,-1,0.0,0.2519446735671996
trump3_c007,trump3,trump,-1,0.0,0.24244368947354084
trump3_c008,trump3,trump,-1,0.0,0.2519446735671996
trump3_c009,trump3,trump,-1,0.0,0.2519446735671996
trump3_c010,trump3,trump,-1,0.0,0.2519446735671996
trump3_c011,trump3,trump,0,1.0,0.0
trump3_c012,trump3,trump,5,0.9630975325423307,0.1808830819736212
trump3_c013,trump3,trump,-1,0.0,0.2023753114579447
trump3_c014,trump3,trump,-1,0.0,0.2191236776117862
trump3_c015,trump3,trump,5,0.9630975325423307,0.1808830819736212
trump3_c016,trump3,trump,5,0.9515472869177976,0.190706595458741
