chunk_id,speech_id,leader,nn_share_erdogan,nn_share_macron,nn_share_merkel,nn_share_putin,nn_share_trump,same_leader_share,mean_nn_similarity
erdogan1_c000,erdogan1,erdogan,0.4,0.4,0.2,0.0,0.0,0.4,0.6339017
erdogan1_c001,erdogan1,erdogan,0.5,0.3,0.1,0.0,0.1,0.5,0.62746584
erdogan1_c002,erdogan1,erdogan,0.4,0.3,0.3,0.0,0.0,0.4,0.6083819
erdogan1_c003,erdogan1,erdogan,0.2,0.4,0.4,0.0,0.0,0.2,0.65570253
erdogan1_c004,erdogan1,erdogan,0.3,0.3,0.4,0.0,0.0,0.3,0.5816806
erdogan1_c005,erdogan1,erdogan,0.2,0.4,0.3,0.0,0.1,0.2,0.60092056
erdogan1_c006,erdogan1,erdogan,0.5,0.1,0.4,0.0,0.0,0.5,0.6449552
erdogan1_c007,erdogan1,erdogan,0.1,0.5,0.2,0.0,0.2,0.1,0.59937584
erdogan1_c008,erdogan1,erdogan,0.2,0.3,0.4,0.0,0.1,0.2,0.547467
erdogan1_c009,erdogan1,erdogan,0.4,0.5,0.1,0.0,0.0,0.4,0.6085904
erdogan1_c010,erdogan1,erdogan,0.3,0.2,0.3,0.0,0.2,0.3,0.6003102
erdogan1_c011,erdogan1,erdogan,0.1,0.4,0.4,0.0,0.1,0.1,0.5630528
erdogan1_c012,erdogan1,erdogan,0.0,0.5,0.4,0.0,0.1,0.0,0.5502604
erdogan2022_c000,erdogan2022,erdogan,0.7,0.2,0.1,0.0,0.0,0.7,0.776959
erdogan2022_c001,erdogan2022,erdogan,0.4,0.6,0.0,0.0,0.0,0.4,0.5855939
erdogan2022_c002,erdogan2022,erdogan,0.6,0.2,0.2,0.0,0.0,0.6,0.6003184
erdogan2022_c003,erdogan2022,erdogan,0.3,0.5,0.1,0.1,0.0,0.3,0.6860984
erdogan2022_c004,erdogan2022,erdogan,0.3,0.7,0.0,0.0,0.0,0.3,0.6781841
erdogan2022_c005,erdogan2022,erdogan,0.4,0.4,0.2,0.0,0.0,0.4,0.5891607
erdogan2022_c006,erdogan2022,erdogan,0.5,0.4,0.1,0.0,0.0,0.5,0.6739167
erdogan2022_c007,erdogan2022,erdogan,0.6,0.3,0.1,0.0,0.0,0.6,0.649141
erdogan2022_c008,erdogan2022,erdogan,0.4,0.5,0.0,0.1,0.0,0.4,0.6450477
erdogan2022_c009,erdogan2022,erdogan,0.2,0.3,0.4,0.0,0.1,0.2,0.6314362
erdogan2022_c010,erdogan2022,erdogan,0.2,0.6,0.2,0.0,0.0,0.2,0.6711647
erdogan2022_c011,erdogan2022,erdogan,0.4,0.2,0.3,0.1,0.0,0.4,0.63644373
erdogan2022_c012,erdogan2022,erdogan,0.5,0.3,0.1,0.0,0.1,0.5,0.61668605
erdogan2022_c013,erdogan2022,erdogan,0.5,0.2,0.3,0.0,0.0,0.5,0.59921664
erdogan2022_c014,erdogan2022,erdogan,0.7,0.2,0.0,0.0,0.1,0.7,0.64598984
erdogan2022_c015,erdogan2022,erdogan,0.9,0.1,0.0,0.0,0.0,0.9,0.73173857
erdogan2022_c016,erdogan2022,erdogan,0.7,0.2,0.1,0.0,0.0,0.7,0.67046386
erdogan2022_c017,erdogan2022,erdogan,0.7,0.1,0.1,0.1,0.0,0.7,0.80029756
erdogan2023_c000,erdogan2023,erdogan,0.8,0.2,0.0,0.0,0.0,0.8,0.8027641
erdogan2023_c001,erdogan2023,erdogan,0.3,0.1,0.2,0.4,0.0,0.3,0.6667556
erdogan2023_c002,erdogan2023,erdogan,0.0,0.2,0.6,0.0,0.2,0.0,0.65096784
erdogan2023_c003,erdogan2023,erdogan,0.4,0.3,0.0,0.3,0.0,0.4,0.645599
erdogan2023_c004,erdogan2023,erdogan,0.0,0.4,0.4,0.0,0.2,0.0,0.62791073
erdogan2023_c005,erdogan2023,erdogan,0.2,0.4,0.3,0.0,0.1,0.2,0.64964706
erdogan2023_c006,erdogan2023,erdogan,0.5,0.1,0.1,0.2,0.1,0.5,0.65184003
erdogan2023_c007,erdogan2023,erdogan,0.8,0.1,0.1,0.0,0.0,0.8,0.67925733
erdogan2023_c008,erdogan2023,erdogan,0.7,0.0,0.3,0.0,0.0,0.7,0.61525023
erdogan2023_c009,erdogan2023,erdogan,0.7,0.2,0.1,0.0,0.0,0.7,0.66457784
erdogan2023_c010,erdogan2023,erdogan,0.5,0.5,0.0,0.0,0.0,0.5,0.6213266
erdogan2023_c011,erdogan2023,erdogan,0.2,0.2,0.4,0.0,0.2,0.2,0.62995964
erdogan2023_c012,erdogan2023,erdogan,0.5,0.3,0.0,0.2,0.0,0.5,0.6518983
erdogan2023_c013,erdogan2023,erdogan,0.6,0.4,0.0,0.0,0.0,0.6,0.72001487
erdogan2023_c014,erdogan2023,erdogan,0.1,0.1,0.0,0.3,0.5,0.1,0.6699884
erdogan2023_c015,erdogan2023,erdogan,0.3,0.3,0.2,0.0,0.2,0.3,0.6166369
erdogan2023_c016,erdogan2023,erdogan,0.0,0.5,0.1,0.0,0.4,0.0,0.642925
erdogan2023_c017,erdogan2023,erdogan,0.5,0.5,0.0,0.0,0.0,0.5,0.69337195
erdogan2023_c018,erdogan2023,erdogan,0.7,0.3,0.0,0.0,0.0,0.7,0.77597505
erdogan2024_c000,erdogan2024,erdogan,0.7,0.3,0.0,0.0,0.0,0.7,0.81067085
erdogan2024_c001,erdogan2024,erdogan,0.8,0.1,0.0,0.1,0.0,0.8,0.71611726
erdogan2024_c002,erdogan2024,erdogan,0.3,0.7,0.0,0.0,0.0,0.3,0.62001264
erdogan2024_c003,erdogan2024,erdogan,0.4,0.4,0.0,0.0,0.2,0.4,0.6734762
erdogan2024_c004,erdogan2024,erdogan,0.5,0.3,0.0,0.0,0.2,0.5,0.67219406
erdogan2024_c005,erdogan2024,erdogan,0.5,0.5,0.0,0.0,0.0,0.5,0.659447
erdogan2024_c006,erdogan2024,erdogan,0.3,0.6,0.1,0.0,0.0,0.3,0.65084124
erdogan2024_c007,erdogan2024,erdogan,0.6,0.2,0.2,0.0,0.0,0.6,0.64430714
erdogan2024_c008,erdogan2024,erdogan,0.7,0.2,0.0,0.1,0.0,0.7,0.6950406
erdogan2024_c009,erdogan2024,erdogan,0.8,0.0,0.1,0.1,0.0,0.8,0.6541011
erdogan2024_c010,erdogan2024,erdogan,0.6,0.3,0.0,0.0,0.1,0.6,0.6588436
erdogan2024_c011,erdogan2024,erdogan,0.6,0.3,0.0,0.0,0.1,0.6,0.594875
erdogan2024_c012,erdogan2024,erdogan,0.3,0.3,0.0,0.4,0.0,0.3,0.666337
erdogan2024_c013,erdogan2024,erdogan,1.0,0.0,0.0,0.0,0.0,1.0,0.7102836
erdogan2024_c014,erdogan2024,erdogan,0.6,0.4,0.0,0.0,0.0,0.6,0.70116174
erdogan2024_c015,erdogan2024,erdogan,0.7,0.2,0.1,0.0,0.0,0.7,0.7784625
erdogan2025_c000,erdogan2025,erdogan,0.7,0.3,0.0,0.0,0.0,0.7,0.782894
erdogan2025_c001,erdogan2025,erdogan,0.7,0.1,0.1,0.1,0.0,0.7,0.7465443
erdogan2025_c002,erdogan2025,erdogan,0.6,0.3,0.0,0.1,0.0,0.6,0.6974122
erdogan2025_c003,erdogan2025,erdogan,0.4,0.4,0.0,0.0,0.2,0.4,0.65238917
erdogan2025_c004,erdogan2025,erdogan,0.4,0.2,0.1,0.0,0.3,0.4,0.5765013
erdogan2025_c005,erdogan2025,erdogan,0.7,0.3,0.0,0.0,0.0,0.7,0.6681429
erdogan2025_c006,erdogan2025,erdogan,0.6,0.2,0.2,0.0,0.0,0.6,0.5890526
erdogan2025_c007,erdogan2025,erdogan,0.1,0.6,0.2,0.1,0.0,0.1,0.6044442
erdogan2025_c008,erdogan2025,erdogan,0.4,0.4,0.2,0.0,0.0,0.4,0.6302598
erdogan2025_c009,erdogan2025,erdogan,0.6,0.1,0.1,0.1,0.1,0.6,0.64784646
erdogan2025_c010,erdogan2025,erdogan,0.6,0.1,0.2,0.1,0.0,0.6,0.62384045
erdogan2025_c011,erdogan2025,erdogan,0.7,0.3,0.0,0.0,0.0,0.7,0.61958045
erdogan2025_c012,erdogan2025,erdogan,0.6,0.3,0.0,0.1,0.0,0.6,0.6300383
erdogan2025_c013,erdogan2025,erdogan,0.4,0.2,0.0,0.4,0.0,0.4,0.6662857
erdogan2025_c014,erdogan2025,erdogan,0.6,0.1,0.1,0.0,0.2,0.6,0.648934
erdogan2025_c015,erdogan2025,erdogan,0.6,0.1,0.3,0.0,0.0,0.6,0.599136
erdogan2025_c016,erdogan2025,erdogan,0.6,0.4,0.0,0.0,0.0,0.6,0.62190115
erdogan2025_c017,erdogan2025,erdogan,0.4,0.5,0.0,0.0,0.1,0.4,0.6679944
erdogan2025_c018,erdogan2025,erdogan,0.7,0.2,0.1,0.0,0.0,0.7,0.7990888
macron2022_c000,macron2022,macron,0.3,0.3,0.0,0.4,0.0,0.3,0.7276243
macron2022_c001,macron2022,macron,0.0,0.7,0.1,0.0,0.2,0.7,0.69277763
macron2022_c002,macron2022,macron,0.4,0.4,0.1,0.1,0.0,0.4,0.73697007
macron2022_c003,macron2022,macron,0.2,0.4,0.0,0.4,0.0,0.4,0.63294196
macron2022_c004,macron2022,macron,0.0,0.8,0.0,0.2,0.0,0.8,0.66814125
macron2022_c005,macron2022,macron,0.4,0.5,0.0,0.0,0.1,0.5,0.6538733
macron2022_c006,macron2022,macron,0.0,0.8,0.2,0.0,0.0,0.8,0.6429934
macron2022_c007,macron2022,macron,0.1,0.7,0.0,0.0,0.2,0.7,0.7019589
macron2022_c008,macron2022,macron,0.2,0.6,0.0,0.2,0.0,0.6,0.7000783
macron2022_c009,macron2022,macron,0.0,1.0,0.0,0.0,0.0,1.0,0.6185346
macron2022_c010,macron2022,macron,0.3,0.5,0.2,0.0,0.0,0.5,0.5841383
macron2022_c011,macron2022,macron,0.2,0.6,0.2,0.0,0.0,0.6,0.63036823
macron2022_c012,macron2022,macron,0.0,0.7,0.2,0.0,0.1,0.7,0.6488526
macron2022_c013,macron2022,macron,0.1,0.8,0.1,0.0,0.0,0.8,0.6315898
macron2022_c014,macron2022,macron,0.3,0.7,0.0,0.0,0.0,0.7,0.64137024
macron2022_c015,macron2022,macron,0.0,0.4,0.6,0.0,0.0,0.4,0.6363267
macron2022_c016,macron2022,macron,0.2,0.3,0.2,0.1,0.2,0.3,0.67817414
macron2022_c017,macron2022,macron,0.1,0.6,0.3,0.0,0.0,0.6,0.6678943
macron2022_c018,macron2022,macron,0.1,0.7,0.2,0.0,0.0,0.7,0.7445183
macron2022_c019,macron2022,macron,0.1,0.5,0.3,0.0,0.1,0.5,0.68744576
macron2022_c020,macron2022,macron,0.0,0.8,0.2,0.0,0.0,0.8,0.66425014
macron2022_c021,macron2022,macron,0.0,0.7,0.1,0.0,0.2,0.7,0.64496803
macron2022_c022,macron2022,macron,0.0,0.5,0.3,0.0,0.2,0.5,0.60345066
macron2022_c023,macron2022,macron,0.1,0.5,0.4,0.0,0.0,0.5,0.6670769
macron2022_c024,macron2022,macron,0.0,0.6,0.4,0.0,0.0,0.6,0.68107295
macron2022_c025,macron2022,macron,0.0,0.6,0.2,0.0,0.2,0.6,0.65075094
macron2022_c026,macron2022,macron,0.0,0.5,0.5,0.0,0.0,0.5,0.650586
macron2022_c027,macron2022,macron,0.1,0.6,0.3,0.0,0.0,0.6,0.6798591
macron2022_c028,macron2022,macron,0.1,0.9,0.0,0.0,0.0,0.9,0.7029276
macron2022_c029,macron2022,macron,0.0,0.9,0.1,0.0,0.0,0.9,0.68115574
macron2022_c030,macron2022,macron,0.0,0.7,0.1,0.1,0.1,0.7,0.65263265
macron2022_c031,macron2022,macron,0.0,0.4,0.0,0.6,0.0,0.4,0.7214919
macron2022_c032,macron2022,macron,0.0,1.0,0.0,0.0,0.0,1.0,0.6680232
macron2022_c033,macron2022,macron,0.1,0.5,0.4,0.0,0.0,0.5,0.71333766
macron2022_c034,macron2022,macron,0.4,0.5,0.1,0.0,0.0,0.5,0.7801466
macron2023_c000,macron2023,macron,0.2,0.8,0.0,0.0,0.0,0.8,0.7711962
macron2023_c001,macron2023,macron,0.4,0.5,0.1,0.0,0.0,0.5,0.62690246
macron2023_c002,macron2023,macron,0.1,0.7,0.2,0.0,0.0,0.7,0.6544544
macron2023_c003,macron2023,macron,0.0,0.2,0.5,0.2,0.1,0.2,0.6288636
macron2023_c004,macron2023,macron,0.1,0.8,0.1,0.0,0.0,0.8,0.70425093
macron2023_c005,macron2023,macron,0.0,0.9,0.1,0.0,0.0,0.9,0.6484816
macron2023_c006,macron2023,macron,0.1,0.8,0.1,0.0,0.0,0.8,0.65863025
macron2023_c007,macron2023,macron,0.3,0.7,0.0,0.0,0.0,0.7,0.6927483
macron2023_c008,macron2023,macron,0.0,0.6,0.2,0.0,0.2,0.6,0.6459266
macron2023_c009,macron2023,macron,0.0,0.5,0.4,0.0,0.1,0.5,0.6181718
macron2023_c010,macron2023,macron,0.2,0.7,0.1,0.0,0.0,0.7,0.7297119
macron2023_c011,macron2023,macron,0.0,0.8,0.1,0.0,0.1,0.8,0.6946203
macron2023_c012,macron2023,macron,0.0,0.7,0.3,0.0,0.0,0.7,0.718349
macron2023_c013,macron2023,macron,0.2,0.7,0.1,0.0,0.0,0.7,0.6912724
macron2023_c014,macron2023,macron,0.1,0.8,0.1,0.0,0.0,0.8,0.65509343
macron2023_c015,macron2023,macron,0.0,0.7,0.2,0.0,0.1,0.7,0.70664674
macron2023_c016,macron2023,macron,0.0,0.8,0.0,0.2,0.0,0.8,0.70232946
macron2023_c017,macron2023,macron,0.0,0.9,0.0,0.1,0.0,0.9,0.6483503
macron2023_c018,macron2023,macron,0.4,0.6,0.0,0.0,0.0,0.6,0.65898865
macron2023_c019,macron2023,macron,0.0,0.9,0.0,0.0,0.1,0.9,0.6560914
macron2023_c020,macron2023,macron,0.4,0.6,0.0,0.0,0.0,0.6,0.64638
macron2023_c021,macron2023,macron,0.3,0.6,0.0,0.1,0.0,0.6,0.6310705
macron2023_c022,macron2023,macron,0.4,0.6,0.0,0.0,0.0,0.6,0.6993625
macron2023_c023,macron2023,macron,0.3,0.5,0.1,0.1,0.0,0.5,0.7139958
macron2023_c024,macron2023,macron,0.3,0.6,0.1,0.0,0.0,0.6,0.77010727
macron2024_c000,macron2024,macron,0.0,0.9,0.0,0.0,0.1,0.9,0.67913187
macron2024_c001,macron2024,macron,0.0,1.0,0.0,0.0,0.0,1.0,0.64604205
macron2024_c002,macron2024,macron,0.1,0.7,0.1,0.0,0.1,0.7,0.6576439
macron2024_c003,macron2024,macron,0.1,0.9,0.0,0.0,0.0,0.9,0.6725555
macron2024_c004,macron2024,macron,0.0,1.0,0.0,0.0,0.0,1.0,0.6615632
macron2024_c005,macron2024,macron,0.2,0.8,0.0,0.0,0.0,0.8,0.6754776
macron2024_c006,macron2024,macron,0.4,0.3,0.2,0.1,0.0,0.3,0.6181711
macron2024_c007,macron2024,macron,0.0,0.3,0.7,0.0,0.0,0.3,0.63118714
macron2024_c008,macron2024,macron,0.0,0.6,0.3,0.0,0.1,0.6,0.5855757
macron2024_c009,macron2024,macron,0.2,0.3,0.5,0.0,0.0,0.3,0.63013256
macron2024_c010,macron2024,macron,0.4,0.4,0.2,0.0,0.0,0.4,0.66458666
macron2024_c011,macron2024,macron,0.1,0.8,0.1,0.0,0.0,0.8,0.70220643
macron2024_c012,macron2024,macron,0.0,0.3,0.5,0.0,0.2,0.3,0.68015295
macron2024_c013,macron2024,macron,0.2,0.6,0.0,0.2,0.0,0.6,0.7050172
macron2024_c014,macron2024,macron,0.0,1.0,0.0,0.0,0.0,1.0,0.7048848
macron2024_c015,macron2024,macron,0.0,0.9,0.1,0.0,0.0,0.9,0.6936063
macron2024_c016,macron2024,macron,0.0,0.7,0.2,0.0,0.1,0.7,0.63970846
macron2024_c017,macron2024,macron,0.2,0.8,0.0,0.0,0.0,0.8,0.6978421
macron2024_c018,macron2024,macron,0.0,0.9,0.0,0.1,0.0,0.9,0.65700597
macron2024_c019,macron2024,macron,0.0,0.9,0.0,0.1,0.0,0.9,0.7078012
macron2024_c020,macron2024,macron,0.3,0.5,0.1,0.1,0.0,0.5,0.7388301
macron2024_c021,macron2024,macron,0.3,0.7,0.0,0.0,0.0,0.7,0.7593907
macron2025_c000,macron2025,macron,0.0,0.5,0.2,0.3,0.0,0.5,0.7121334
macron2025_c001,macron2025,macron,0.1,0.6,0.2,0.1,0.0,0.6,0.7177368
macron2025_c002,macron2025,macron,0.3,0.6,0.0,0.1,0.0,0.6,0.6636044
macron2025_c003,macron2025,macron,0.0,0.5,0.4,0.0,0.1,0.5,0.62132424
macron2025_c004,macron2025,macron,0.0,0.9,0.1,0.0,0.0,0.9,0.70313394
macron2025_c005,macron2025,macron,0.1,0.7,0.2,0.0,0.0,0.7,0.6916088
macron2025_c006,macron2025,macron,0.1,0.5,0.4,0.0,0.0,0.5,0.6295215
macron2025_c007,macron2025,macron,0.1,0.4,0.5,0.0,0.0,0.4,0.68549144
macron2025_c008,macron2025,macron,0.0,1.0,0.0,0.0,0.0,1.0,0.68284637
macron2025_c009,macron2025,macron,0.3,0.5,0.2,0.0,0.0,0.5,0.6463274
macron2025_c010,macron2025,macron,0.1,0.6,0.3,0.0,0.0,0.6,0.70886225
macron2025_c011,macron2025,macron,0.0,1.0,0.0,0.0,0.0,1.0,0.7058943
macron2025_c012,macron2025,macron,0.0,0.9,0.1,0.0,0.0,0.9,0.69163644
macron2025_c013,macron2025,macron,0.0,0.9,0.1,0.0,0.0,0.9,0.69884217
macron2025_c014,macron2025,macron,0.1,0.6,0.3,0.0,0.0,0.6,0.67727304
macron2025_c015,macron2025,macron,0.0,1.0,0.0,0.0,0.0,1.0,0.70228803
macron2025_c016,macron2025,macron,0.5,0.5,0.0,0.0,0.0,0.5,0.75911003
merkel1_c000,merkel1,merkel,0.4,0.2,0.4,0.0,0.0,0.4,0.6358562
merkel1_c001,merkel1,merkel,0.5,0.1,0.3,0.0,0.1,0.3,0.6321458
merkel1_c002,merkel1,merkel,0.1,0.3,0.3,0.3,0.0,0.3,0.60930145
merkel1_c003,merkel1,merkel,0.5,0.1,0.2,0.0,0.2,0.2,0.628547
merkel1_c004,merkel1,merkel,0.3,0.1,0.4,0.2,0.0,0.4,0.6533834
merkel1_c005,merkel1,merkel,0.3,0.2,0.4,0.0,0.1,0.4,0.67824185
merkel1_c006,merkel1,merkel,0.1,0.3,0.6,0.0,0.0,0.6,0.6255692
merkel1_c007,merkel1,merkel,0.0,0.7,0.3,0.0,0.0,0.3,0.63309443
merkel1_c008,merkel1,merkel,0.0,0.3,0.7,0.0,0.0,0.7,0.66546845
merkel1_c009,merkel1,merkel,0.0,0.4,0.6,0.0,0.0,0.6,0.6675355
merkel1_c010,merkel1,merkel,0.0,0.2,0.6,0.0,0.2,0.6,0.68271744
merkel1_c011,merkel1,merkel,0.1,0.3,0.6,0.0,0.0,0.6,0.75768214
merkel2_c000,merkel2,merkel,0.3,0.2,0.5,0.0,0.0,0.5,0.7235776
merkel2_c001,merkel2,merkel,0.0,0.1,0.6,0.0,0.3,0.6,0.6899905
merkel2_c002,merkel2,merkel,0.1,0.3,0.4,0.0,0.2,0.4,0.63588655
merkel2_c003,merkel2,merkel,0.0,0.3,0.7,0.0,0.0,0.7,0.7060819
merkel2_c004,merkel2,merkel,0.0,0.3,0.7,0.0,0.0,0.7,0.6765608
merkel2_c005,merkel2,merkel,0.0,0.6,0.4,0.0,0.0,0.4,0.6795382
merkel2_c006,merkel2,merkel,0.0,0.5,0.5,0.0,0.0,0.5,0.69068635
merkel2_c007,merkel2,merkel,0.0,0.3,0.7,0.0,0.0,0.7,0.6990596
merkel2_c008,merkel2,merkel,0.0,0.3,0.7,0.0,0.0,0.7,0.6662575
merkel2_c009,merkel2,merkel,0.0,0.5,0.5,0.0,0.0,0.5,0.68276155
merkel2_c010,merkel2,merkel,0.4,0.3,0.3,0.0,0.0,0.3,0.7448193
merkel2020_c000,merkel2020,merkel,0.3,0.1,0.4,0.2,0.0,0.4,0.7352293
merkel2020_c001,merkel2020,merkel,0.0,0.2,0.8,0.0,0.0,0.8,0.7029146
merkel2020_c002,merkel2020,merkel,0.0,0.4,0.5,0.0,0.1,0.5,0.6697414
merkel2020_c003,merkel2020,merkel,0.0,0.6,0.4,0.0,0.0,0.4,0.6264378
merkel2020_c004,merkel2020,merkel,0.0,0.7,0.3,0.0,0.0,0.3,0.6441507
merkel2020_c005,merkel2020,merkel,0.1,0.3,0.5,0.0,0.1,0.5,0.66162294
merkel2020_c006,merkel2020,merkel,0.0,0.1,0.9,0.0,0.0,0.9,0.63322127
merkel2020_c007,merkel2020,merkel,0.0,0.2,0.8,0.0,0.0,0.8,0.6536105
merkel2020_c008,merkel2020,merkel,0.0,0.2,0.8,0.0,0.0,0.8,0.7020946
merkel2020_c009,merkel2020,merkel,0.0,0.4,0.6,0.0,0.0,0.6,0.663865
merkel2020_c010,merkel2020,merkel,0.1,0.4,0.2,0.3,0.0,0.2,0.68697083
merkel2020_c011,merkel2020,merkel,0.3,0.1,0.3,0.3,0.0,0.3,0.7310065
merkel3_c000,merkel3,merkel,0.2,0.4,0.4,0.0,0.0,0.4,0.702004
merkel3_c001,merkel3,merkel,0.2,0.2,0.6,0.0,0.0,0.6,0.6659121
merkel3_c002,merkel3,merkel,0.2,0.2,0.5,0.0,0.1,0.5,0.6004672
merkel3_c003,merkel3,merkel,0.0,0.2,0.6,0.1,0.1,0.6,0.676156
merkel3_c004,merkel3,merkel,0.2,0.1,0.3,0.3,0.1,0.3,0.54613817
merkel3_c005,merkel3,merkel,0.1,0.2,0.7,0.0,0.0,0.7,0.6585609
merkel3_c006,merkel3,merkel,0.0,0.3,0.7,0.0,0.0,0.7,0.6326238
merkel3_c007,merkel3,merkel,0.0,0.3,0.6,0.1,0.0,0.6,0.6965731
merkel3_c008,merkel3,merkel,0.1,0.3,0.6,0.0,0.0,0.6,0.65762687
merkel3_c009,merkel3,merkel,0.2,0.2,0.5,0.0,0.1,0.5,0.6808752
merkel3_c010,merkel3,merkel,0.1,0.4,0.4,0.1,0.0,0.4,0.73684394
putin2022_c000,putin2022,putin,0.0,0.0,0.0,1.0,0.0,1.0,0.77615154
putin2022_c001,putin2022,putin,0.0,0.0,0.0,1.0,0.0,1.0,0.76324636
putin2022_c002,putin2022,putin,0.0,0.0,0.0,1.0,0.0,1.0,0.775456
putin2022_c003,putin2022,putin,0.3,0.5,0.0,0.2,0.0,0.2,0.6133764
putin2022_c004,putin2022,putin,0.0,0.0,0.0,1.0,0.0,1.0,0.7589823
putin2022_c005,putin2022,putin,0.0,0.4,0.1,0.5,0.0,0.5,0.72079813
putin2022_c006,putin2022,putin,0.2,0.2,0.0,0.6,0.0,0.6,0.6748996
putin2022_c007,putin2022,putin,0.0,0.1,0.0,0.9,0.0,0.9,0.69019
putin2022_c008,putin2022,putin,0.1,0.4,0.0,0.2,0.3,0.2,0.69267815
putin2022_c009,putin2022,putin,0.0,0.2,0.2,0.6,0.0,0.6,0.7084933
putin2022_c010,putin2022,putin,0.1,0.0,0.0,0.9,0.0,0.9,0.77873373
putin2023_c000,putin2023,putin,0.0,0.0,0.0,1.0,0.0,1.0,0.7734976
putin2023_c001,putin2023,putin,0.0,0.0,0.0,1.0,0.0,1.0,0.7623228
putin2023_c002,putin2023,putin,0.0,0.1,0.0,0.9,0.0,0.9,0.7170868
putin2023_c003,putin2023,putin,0.0,0.0,0.0,1.0,0.0,1.0,0.73225987
putin2023_c004,putin2023,putin,0.2,0.2,0.1,0.5,0.0,0.5,0.70945424
putin2023_c005,putin2023,putin,0.0,0.0,0.0,1.0,0.0,1.0,0.7917674
putin2024_c000,putin2024,putin,0.0,0.0,0.1,0.9,0.0,0.9,0.76322424
putin2024_c001,putin2024,putin,0.0,0.0,0.0,1.0,0.0,1.0,0.8005287
putin2024_c002,putin2024,putin,0.0,0.0,0.0,1.0,0.0,1.0,0.7477491
putin2024_c003,putin2024,putin,0.1,0.0,0.0,0.9,0.0,0.9,0.7825879
putin2025_c000,putin2025,putin,0.0,0.0,0.0,1.0,0.0,1.0,0.7780911
putin2025_c001,putin2025,putin,0.0,0.0,0.0,1.0,0.0,1.0,0.7519127
putin2025_c002,putin2025,putin,0.2,0.0,0.2,0.6,0.0,0.6,0.7242068
putin2025_c003,putin2025,putin,0.0,0.0,0.0,1.0,0.0,1.0,0.7905084
putin2025_c004,putin2025,putin,0.2,0.0,0.0,0.8,0.0,0.8,0.7774579
trump1_c000,trump1,trump,0.1,0.3,0.1,0.0,0.5,0.5,0.6782157
trump1_c001,trump1,trump,0.1,0.2,0.2,0.3,0.2,0.2,0.65953875
trump1_c002,trump1,trump,0.1,0.3,0.0,0.3,0.3,0.3,0.62002695
trump1_c003,trump1,trump,0.1,0.3,0.0,0.0,0.6,0.6,0.70158976
trump1_c004,trump1,trump,0.0,0.1,0.0,0.0,0.9,0.9,0.62386906
trump1_c005,trump1,trump,0.0,0.0,0.0,0.1,0.9,0.9,0.6635386
trump1_c006,trump1,trump,0.3,0.0,0.0,0.0,0.7,0.7,0.62757075
trump1_c007,trump1,trump,0.3,0.2,0.0,0.1,0.4,0.4,0.5990771
trump1_c008,trump1,trump,0.2,0.3,0.1,0.0,0.4,0.4,0.64794415
trump1_c009,trump1,trump,0.1,0.1,0.1,0.0,0.7,0.7,0.6586958
trump1_c010,trump1,trump,0.2,0.2,0.0,0.0,0.6,0.6,0.62865674
trump1_c011,trump1,trump,0.0,0.2,0.0,0.0,0.8,0.8,0.6301512
trump1_c012,trump1,trump,0.0,0.2,0.1,0.0,0.7,0.7,0.6439966
trump1_c013,trump1,trump,0.0,0.1,0.0,0.2,0.7,0.7,0.6518064
trump1_c014,trump1,trump,0.0,0.3,0.0,0.1,0.6,0.6,0.61498505
trump1_c015,trump1,trump,0.7,0.1,0.0,0.0,0.2,0.2,0.595051
trump1_c016,trump1,trump,0.6,0.0,0.0,0.0,0.4,0.4,0.59468913
trump1_c017,trump1,trump,0.0,0.0,0.0,0.1,0.9,0.9,0.6647091
trump1_c018,trump1,trump,0.0,0.4,0.1,0.1,0.4,0.4,0.63480216
trump1_c019,trump1,trump,0.0,0.0,0.0,0.0,1.0,1.0,0.697247
trump1_c020,trump1,trump,0.0,0.0,0.1,0.0,0.9,0.9,0.71104705
trump1_c021,trump1,trump,0.0,0.2,0.2,0.2,0.4,0.4,0.6400322
trump1_c022,trump1,trump,0.1,0.1,0.0,0.1,0.7,0.7,0.7079856
trump1_c023,trump1,trump,0.1,0.1,0.2,0.0,0.6,0.6,0.60821176
trump1_c024,trump1,trump,0.0,0.0,0.1,0.4,0.5,0.5,0.65916115
trump1_c025,trump1,trump,0.0,0.0,0.0,0.4,0.6,0.6,0.62908185
trump1_c026,trump1,trump,0.0,0.0,0.0,0.4,0.6,0.6,0.69963384
trump1_c027,trump1,trump,0.1,0.1,0.1,0.0,0.7,0.7,0.70950425
trump2_c000,trump2,trump,0.0,0.0,0.0,0.0,1.0,1.0,0.62252074
trump2_c001,trump2,trump,0.1,0.1,0.1,0.0,0.7,0.7,0.6796799
trump2_c002,trump2,trump,0.0,0.0,0.0,0.0,1.0,1.0,0.6412111
trump3_c000,trump3,trump,0.0,0.1,0.0,0.1,0.8,0.8,0.685428
trump3_c001,trump3,trump,0.0,0.2,0.2,0.0,0.6,0.6,0.65129864
trump3_c002,trump3,trump,0.0,0.1,0.1,0.0,0.8,0.8,0.6138638
trump3_c003,trump3,trump,0.1,0.0,0.2,0.1,0.6,0.6,0.67251176
trump3_c004,trump3,trump,0.1,0.3,0.1,0.0,0.5,0.5,0.64580965
trump3_c005,trump3,trump,0.0,0.5,0.3,0.0,0.2,0.2,0.63866967
trump3_c006,trump3,trump,0.0,0.0,0.0,0.0,1.0,1.0,0.6928443
trump3_c007,trump3,trump,0.2,0.1,0.1,0.0,0.6,0.6,0.61426365
trump3_c008,trump3,trump,0.0,0.1,0.0,0.0,0.9,0.9,0.6473795
trump3_c009,trump3,trump,0.0,0.2,0.0,0.0,0.8,0.8,0.71476185
trump3_c010,trump3,trump,0.0,0.2,0.1,0.0,0.7,0.7,0.6863148
trump3_c011,trump3,trump,0.1,0.1,0.0,0.0,0.8,0.8,0.68146265
trump3_c012,trump3,trump,0.0,0.1,0.0,0.0,0.9,0.9,0.6816225
trump3_c013,trump3,trump,0.0,0.5,0.0,0.0,0.5,0.5,0.6704902
trump3_c014,trump3,trump,0.1,0.1,0.0,0.1,0.7,0.7,0.71003777
trump3_c015,trump3,trump,0.0,0.1,0.0,0.1,0.8,0.8,0.6398269
trump3_c016,trump3,trump,0.0,0.1,0.0,0.0,0.9,0.9,0.70510334
